{
    "Paweł Czapiewski": 
    {
        "The Hunt for Red October": 10.0,
        "Rick and Morty": 10.0,
        "The Big Bang Theory": 8.0,
        "Braveheart": 10.0,
        "The Expanse": 7.0,
	"South Park": 9.0,
        "Frozen": 5.0,
        "Bridget Jones's Diary": 6.0,
        "Captain America: Civil War": 3.0,
        "Avengers: Age of Ultron": 2.0,
        "Terminator 2: Judgment Day": 9.0, 
        "Planeta Singli": 7.0,
        "Listy do M": 7.0,
        "Listy do M 2": 2.0,
        "Forrest Gump": 10.0,
        "Ex Machina": 10.0,
	"Gran Torino": 9.0,
        "Cicha Noc": 1.0,
        "Battleship": 1.0,
        "A Star Is Born": 2.0,
        "Captain Phillips": 9.0,
        "Grand Budapest Hotel": 9.0, 
        "John Wick": 7.0, 
        "Narcos": 10.0,
        "The The Terminal": 8.0,
        "Her": 8.0,
        "Whiplash": 10.0,
	"The Devil Wears Prada": 8.0,
        "La Casa De Papel": 8.0

    },
    "Bartek Konarzewski": 
    {
        "Breaking Bad": 9.0,
        "Gran Torino": 8.0,
        "Parasite": 9.0,
        "Dzień Świra": 9.0,
        "Grand Budapest Hotel": 7.0,
	"Split": 7.0,
        "Once Upon a Time in Hollywood": 7.0,
        "Knives Out": 7.0,
        "Dunkirk": 6.0,
        "Glass": 5.0,
        "The Peanut Butter Falcon": 5.0, 
        "Zombie expreess": 4.0,
        "Polityka": 2.0,
        "Pitbull. Niebezpieczne kobiety": 1.0,
        "Deadpool": 8.0,
        "Botoks": 1.0,
	"Justice League": 4.0,
        "Happy Death Day": 3.0,
        "Weekend": 5.0,
        "Unfriended: Dark Web": 2.0,
        "The hunt": 2.0,
        "Gretel & Hansel": 3.0, 
        "Miami Bici": 1.0, 
        "The Matrix": 7.0,
        "Trapped": 8.0,
        "The Alienist": 7.0,
        "Black Mirror": 8.0,
	"V for Vendetta": 9.0,
        "Mad Max": 4.0,
	"Frozen": 2.0
    },
    "Paweł Szyszkowski": 
    {
        "Rick and Morty": 10.0,
        "Bojack horseman": 10.0,
        "Brooklyn 99": 9.0,
        "True Detective": 10.0,
        "The Hangover": 7.0,
	"The Expanse": 5.0,
        "Capitan fantastic": 10.0,
        "Cicha Noc": 6.0,
        "John Wick": 3.0,
        "A Star Is Born": 2.0,
        "Planeta Singli": 5.0, 
        "Pitbull. Niebezpieczne kobiety": 1.0,
        "Botoks": 1.0,
        "Deadpool": 9.0,
        "Boys": 8.0,
        "Ciacho": 1.0,
	"Annihilation": 3.0,
        "Baby Driver": 3.0,
        "Bohemian Rhapsody": 10.0,
        "Lock, Stock and Two Smoking Barrels": 9.0,
        "Goodfellas": 9.0,
        "Shutter Island": 9.0, 
        "Seven Psychopaths": 9.0, 
        "Dead Man": 9.0,
        "La Haine": 9.0,
        "Battleship": 1.0,
        "Frozen 2": 3.0,
	"Rubber": 2.0,
        "Hemlock Grove": 2.0,
	"Iron Fist": 3.0
    },
    "Kacper Kaczor": 
    {
        "Paradise PD": 10.0,
        "The 100": 8.0,
        "Seven Years in Tibet": 7.0, 
        "Iron Fist": 5.0,
        "Breaking Bad": 10.0,
        "Interstellar": 8.0,
        "Lucifer": 9.0,
        "The Intern": 7.0,
	"Inception": 8.0,
        "American Sniper": 7.0,
        "The Irishman": 4.0,
        "Sherlock": 8.0,
        "Kler": 3.0,
        "Botoks ": 1.0, 
        "The Witcher": 7.0, 
        "Seven": 8.0

    },
    "Mateusz Konarzewski": 
    {
        "The Green Mile": 10.0,
        "Narcos": 9.0,
        "Gladiator": 9.0,
        "Peaky Blinders": 10.0,
        "Dark": 7.0,
	"Luke Cage": 2.0,
        "Botoks": 1.0,
        "Hemlock Grove": 3.0,
        "Iron Fist": 4.0,
        "MindHunter": 9.0,
        "Outsider": 4.0, 
        "The Last Kingdom": 8.0,
        "The 100": 7.0,
        "Z Nation": 7.0,
        "Dexter": 8.0,
        "The letter for the King": 3.0,
	"Vikings": 8.0,
        "Bitten": 6.0,
        "It": 4.0,
        "Kingsman: The Golden Circle": 6.0,
        "Planeta Singli": 4.0,
        "La Casa De Papel": 6.0, 
        "The Terminal": 6.0, 
        "I Am Legend": 8.0,
        "The Alienist": 6.0,
        "The Devil's Advocate": 7.0,
        "Interstellar": 8.0,
	"Jak zostałem gangsterem. Historia prawdziwa": 6.0,
        "Listy do m": 4.0,
	"The Matrix": 6.0
    },
    "Patryk Szczepanski": 
    {
      "The Green Mile": 10.0,
        "Narcos": 7.0,
        "Gladiator": 9.0,
        "The Matrix": 10.0,
        "The Hangover": 9.0,
	"Interstellar": 9.0,
        "American Sniper ": 9.0,
        "W lesie dzis nie zasnie nikt": 1.0,
        "Ku Jezioru": 9.0,
        "Intouchables": 10.0,
        "Trailer park boy's": 10.0, 
        "Polityka": 1.0,
        "365 dni": 1.0,
        "Saving Private Ryan": 8.0
    },
    "Wojtek Szypelt": 
    {
        "Pulp Fiction": 10.0,
        "Rick and Morty": 9.0,
        "The Big Bang Theory": 9.0,
        "The Matrix": 9.0,
        "Breaking Bad": 7.0,
        "Gravity Falls": 8.0,
	"South Park": 9.0,
        "Frozen": 7.0,
        "Frozen 2": 3.0,
        "Trailer park boy's": 10.0,
        "The Magnificent Seven": 3.0, 
        "Gran Torino": 8.0,
        "John Wick": 5.0,
        "The Fast and the Furious": 5.0,
        "The Green Mile": 9.0,
        "Saving Private Ryan": 8.0,
	"Harold & Kumar Go To White Castle": 7.0
    },
    "Braian Kreft": 
    {
        "Rick and Morty": 8.0,
        "South Park": 7.0,
        "Planeta Singli": 6.0,
        "List do M": 6.0,
        "List do M 2": 6.0,
        "Wyjazd integracyjny": 4.0,
	"La Casa De Papel": 9.0,
        "Lucifer ": 10.0,
        "Vikings": 8.0,
        "Dark": 2.0,
        "Rubber": 2.0, 
        "House of Cards": 10.0,
        "Kler": 7.0,
        "The Witcher": 6.0
    },
    "Filip Krzysztofik": 
    {
        "Black Sails": 8.0,
        "The 100": 7.0,
        "Breaking Bad": 10.0,
        "Vikings": 8.0,
        "Lucifer": 9.0,
        "La Casa De Papel": 9.0, 
	"Star Wars": 8.0,
        "Deadpool": 9.0,
        "The Last Kingdom": 9.0,
        "The Witcher": 9.0,
        "South Park": 10.0, 
        "Lord Of The Rings": 9.0,
        "The Walking Dead": 6.0,
        "Ted": 8.0,
        "Pirates of the Caribbean": 8.0
    },
    "Tomasz Mnich": 
    {
        "Pulp Fiction": 9.0,
        "South Park": 8.0,
        "The Matrix": 9.0,
        "Avengers: Age of Ultron": 3.0,
        "Dzień Świra": 9.0,
	"Game of Thrones": 8.0,
        "Terminator 2": 5.0,
        "Intouchables": 9.0,
        "Frozen": 4.0,
        "Gran Torino": 8.0,
        "Fight Club": 9.0, 
        "Kler ": 7.0,
        "John Wick": 7.0,
        "Monty Python and the Holy Grail": 8.0,
        "Monty Python's Life of Brian": 10.0,
        "Falling Down": 9.0,
	"Blade Runner": 10.0,
        "Pacific Rim": 5.0,
        "Bloodsport": 8.0,
        "Riddick": 7.0,
        "Jason Bourne": 9.0,
        "Jupiter Ascending": 6.0, 
        "Battleship": 2.0, 
        "Iron Fist": 4.0,
        "Vikings": 6.0,
        "The Devil's Advocate": 7.0,
        "Interstellar": 8.0,
	"Jak zostałem gangsterem. Historia prawdziwa": 6.0,
        "Listy do m": 4.0,
	"The Matrix": 6.0
    },
    "Karol Niemykin": 
    {
        "Gladiator": 10.0,
        "Joker": 8.0,
        "The Walking Dead": 6.0,
        "Game of Thrones": 5.0,
        "La Casa De Papel": 9.0,
	"Shrek 2": 9.0,
        "Enemy at the Gates": 10.0,
        "The Conjuring 2": 8.0,
        "Pirates of the Caribbean: The Curse of the Black Pearl": 7.0,
        "Taxi": 8.0,
        "Desperados": 7.0, 
        "365 dni ": 1.0,
        "The Witcher": 8.0,
        "The Fast and the Furious": 5.0,
        "Harry Potter": 7.0,
        "The Lord of the Rings": 10.0,
	"The Green Mile": 10.0,
        "Saving Private Ryan": 8.0
       
    },
    "Maciej Dzieciuch": 
    {
        "The Martian": 8.0,
        "Interstellar": 9.0,
        "The Lord of the Rings: The Return of the King": 10.0,
        "Hobbit": 8.0,
        "Deadpool": 8.0,
	"Blair Witch": 4.0,
        "Gladiator": 9.0,
        "John Wick": 8.0,
        "The Hunger Games": 7.0,
        "The Witcher": 9.0,
        "Inception 2": 9.0, 
        "Zombie expreess": 2.0,
        "Botoks": 1.0,
        "American Sniper": 6.0,
        "The Green Mile": 10.0,
        "Avatar": 8.0,
	"Captain Phillips": 8.0,
        "Green Book": 8.0,
        "Greenland": 6.0,
        "Contratiempo": 7.0,
        "Shutter Island": 8.0,
        "Battleship": 2.0, 
        "The Matrix": 8.0, 
        "Mad Max": 6.0,
        "Rubber": 2.0,
        "Ciacho": 2.0,
        "Pitbull: Nowe porządki": 2.0,
	"Whiplash": 9.0,
        "Annihilation": 2.0,
	"Rick and Morty": 9.0
    },
    "Patrycja Bednarska": 
    {
        "Four Rooms": 10.0,
        "Martyrs": 9.0,
        "The Matrix": 10.0,
        "Star wars (1-6)": 10.0,
        "Parasite": 6.0,
	"Rick and Morty": 10.0,
        "Black Hawk Down": 9.0,
        "The Evil Dead": 7.0,
        "The Silence of the Lambs": 10.0,
        "The Bone Collector": 8.0,
        "The Lovely Bones": 10.0, 
        "Iron Fist": 4.0,
        "Lśnienie": 10.0,
        "Zombieland": 8.0,
        "Newsroom": 9.0,
        "The Queen’s Gambit": 7.0,
	"Fifty Shades of Grey": 1.0,
        "House of cards": 8.0,
        "Narcos": 7.0,
        "The Great Gatsby": 9.0,
        "3096 Tage": 1.0,
        "You, me &her": 6.0, 
        "Vikings": 7.0, 
        "The office": 10.0,
        "Schindler’s List": 9.0,
        "Życie jest piękne": 9.0,
        "The Pianist": 10.0,
	"Perfume: The Story of a Murderer": 8.0,
        "Requiem for a Dream": 10.0,
	"Vaiana": 9.0
    },
    "Sebastian Browarczyk": 
    {
        "The Matrix": 8.0,
        "Pulp Fiction": 10.0,
        "Reservoir Dogs": 9.0,
        "Django": 10.0,
        "The Hateful Eight": 10.0,
	"Captain America: Civil War": 6.0,
        "Pirates of the Caribbean: The Curse of the Black Pearl": 10.0,
        "Deadpool": 9.0,
        "Gran Torino": 9.0,
        "Pitbull. Niebezpieczne kobiety": 1.0,
        "Botoks": 1.0
    },
    "Filip Wrzesień": 
    {
        "Game of Thrones": 10.0,
        "Prison Break": 10.0,
        "Lucifer": 9.0,
        "OZARK": 10.0,
        "The Fast and the Furious": 9.0,
	"Shooter": 7.0,
        "Arrow ": 8.0,
        "The Protector": 7.0,
        "The Last Kingdom": 10.0,
        "Vikings": 8.0,
        "Brooklyn 99": 10.0, 
        "Fifty Shades of Grey": 1.0,
        "Iron Fist": 4.0,
        "Hancock": 6.0,
        "Modern Family": 1.0,
        "Ali G Indahouse": 7.0,
	"American Psycho": 3.0,
        "Hubie Halloween": 3.0,
        "Polityka": 1.0,
        "Big eyes": 5.0,
        "Just Go with It": 4.0,
        "Intouchables": 10.0, 
        "Merlin; The Adventures of Merlin": 10.0, 
        "Spartacus": 8.0,
        "Knightfall": 9.0,
        "Cursed": 6.0,
        "Black Sails": 7.0,
	"Never Back Down": 8.0,
        "Drogówka": 2.0,
	"Titans": 4.0
    }
}
